publish_date,headline_place,headline_state,headline_text
20190609,city.agra,Uttar Pradesh,Woman killed; 6 injured in two accidents on Yamuna expressway
20190801,city.agra,Uttar Pradesh,Woman forced to drink mosquito repellent; killed
20190610,city.agra,Uttar Pradesh,Mauritian woman; her local friends robbed of cash; passport; IDs on Yamuna Expressway
20190520,city.agra,Uttar Pradesh,Woman; father beaten to death by in-laws over dowry
20190508,city.agra,Uttar Pradesh,Woman found murdered at under-construction flyover near NH-2
20190607,city.agra,Uttar Pradesh,Two men; woman found murdered in parts of Mathura
20190710,city.agra,Uttar Pradesh,Agra: Woman; paramour hire killers to murder her 'miser' husband
20191129,city.agra,Uttar Pradesh,Woman; grandfather found murdered in Mainpuri
20191226,city.agra,Uttar Pradesh,Man arrested for rape; murder of mentally challenged woman
20191229,city.agra,Uttar Pradesh,Agra police join in for last rites of woman who was raped; murdered; disowned
20190609,city.agra,Uttar Pradesh,Woman killed; 6 injured in two accidents on Yamuna expressway
20190801,city.agra,Uttar Pradesh,Woman forced to drink mosquito repellent; killed
20190628,city.agra,Uttar Pradesh,Gang-raped; woman succumbs to injuries; one accused held
20191103,city.agra,Uttar Pradesh,Woman; 22; gangraped; set afire in Aligarh
20191218,city.agra,Uttar Pradesh,Woman gang-raped by two relatives in Agra; accused arrested
20191229,city.agra,Uttar Pradesh,Agra police join in for last rites of woman who was raped; murdered; disowned
20190511,city.ahmedabad,Gujarat,Woman beaten by husband; his lover
20190829,city.ahmedabad,Gujarat,Beaten for my American dream; says woman
20190906,city.ahmedabad,Gujarat,Mentally unwell woman beaten by mob in Dariapur
20190914,city.ahmedabad,Gujarat,Gujarat: Woman BJP councillor beaten
20190227,city.ahmedabad,Gujarat,Woman beggar looted; murdered
20190504,city.ahmedabad,Gujarat,Woman admits to murder; let off by Gujarat HC since there was no supporting evidence
20190603,city.ahmedabad,Gujarat,Gujarat: Woman's murder confirmed as suicide
20190709,city.ahmedabad,Gujarat,Ahmedabad: Man; sister-in-law arrested for woman's murder
20191006,city.ahmedabad,Gujarat,Ahmedabad: Woman murders husband's paramour with son's help
20191024,city.ahmedabad,Gujarat,Kamlesh Tewari murder case: Mystery woman in CCTV footage was a passerby
20190528,city.ahmedabad,Gujarat,Ahmedabad: 75-year-old woman beggar raped
20190620,city.ahmedabad,Gujarat,Gujarat woman raped by 'naval officer'
20190627,city.ahmedabad,Gujarat,Ahmedabad: Mentally unstable woman raped; 15 weeks pregnant
20191209,city.ahmedabad,Gujarat,Woman raped; abandoned by ex-boyfriend
20191218,city.ahmedabad,Gujarat,Ahmedabad: Video of man who raped woman at knifepoint circulates; arrests made
20190411,city.ahmedabad,Gujarat,Woman banker files domestic violence complaint
20190624,city.ahmedabad,Gujarat,Ahmedabad woman files unnatural sex; violence complaint
20190913,city.ahmedabad,Gujarat,Gujarat: Woman accuses husband; daughter of domestic violence
20190225,city.allahabad,,Woman gang-raped in Allahabad
20191210,city.allahabad,,Woman 'raped' after promise of marriage; one held
20190801,city.aurangabad,,HIV+ woman from Aurangabad gang-raped by four Mumbai men
20190425,city.bareilly,Uttar Pradesh,Woman killed over dowry; 5 booked
20190531,city.bareilly,Uttar Pradesh,Woman SI's murder: Brother; nephew killed officer over property dispute; says SP
20190625,city.bareilly,Uttar Pradesh,Woman; 33; found hanging; daughter says 'papa killed her'
20190316,city.bareilly,Uttar Pradesh,Elderly woman robbed in Janakpur
20190531,city.bareilly,Uttar Pradesh,Woman SI's murder: Brother; nephew killed officer over property dispute; says SP
20190712,city.bareilly,Uttar Pradesh,Woman's body found near railway tracks; cops suspect rape and murder
20191218,city.bareilly,Uttar Pradesh,Woman; two sons among four given seven years imprisonment for murder bid
20190425,city.bareilly,Uttar Pradesh,Woman killed over dowry; 5 booked
20190531,city.bareilly,Uttar Pradesh,Woman SI's murder: Brother; nephew killed officer over property dispute; says SP
20190625,city.bareilly,Uttar Pradesh,Woman; 33; found hanging; daughter says 'papa killed her'
20190824,city.bareilly,Uttar Pradesh,Passenger vehicle turns turtle; one woman killed; 10 injured
20191113,city.bareilly,Uttar Pradesh,Woman; elderly man killed by stray bulls in western UP
20190506,city.bareilly,Uttar Pradesh,Deaf; mute woman gangraped; accused try to kill her husband
20190601,city.bareilly,Uttar Pradesh,Woman raped by two; video of crime uploaded on social media
20191218,city.bareilly,Uttar Pradesh,Woman gang-raped by two relatives in Agra; accused arrested
20190129,city.bengaluru,,55-year-old woman marching for liquor ban killed in accident
20190628,city.bengaluru,,Bengaluru: Woman gets brother killed for backing daughter's marriage
20190306,city.bengaluru,,Woman cop robbed of gold; valuables worth Rs 43;000 on train
20190519,city.bengaluru,,Pregnant woman beaten up; denied medical help by South African boyfriend
20190104,city.bengaluru,,Cops solve murder of woman after 6 years
20190206,city.bengaluru,,70-year-old home-alone woman murdered
20190217,city.bengaluru,,Woman found murdered; brother-in-law suspect
20190221,city.bengaluru,,Brother-in-law held for woman's murder
20190309,city.bengaluru,,Police probe woman; property issues in rowdy murder
20190512,city.bengaluru,,Bengaluru: Man murders woman after she hits him with broom
20190611,city.bengaluru,,Cops say deaf woman struck by train; kin alleges murder
20190801,city.bengaluru,,Woman found murdered outside Kempegowda International Airport compound
20191007,city.bengaluru,,Bengaluru: Woman claims spouse died after falling off stool; held for murder
20190129,city.bengaluru,,55-year-old woman marching for liquor ban killed in accident
20190628,city.bengaluru,,Bengaluru: Woman gets brother killed for backing daughter's marriage
20190405,city.bengaluru,,Women; transgenders demand a violence-free society
20190124,city.bhopal,Madhya Pradesh,38-year-old woman killed in accident in Habibganj
20190524,city.bhopal,Madhya Pradesh,35-yr-old woman abducted; gang-raped by masked men in Bhopal
20190611,city.bhopal,Madhya Pradesh,Married woman raped by acquaintance in Berasia
20190628,city.bhopal,Madhya Pradesh,Tribal woman raped; paraded naked in Madhya Pradesh
20190708,city.bhopal,Madhya Pradesh,Woman raped by husband and friend in Bhopal
20191023,city.bhopal,Madhya Pradesh,Domestic violence against women: MP tops the chart
20190314,city.bhubaneswar,,Woman Maoist killed in Kandhamal forest encounter
20190725,city.bhubaneswar,,Police continue drive to dig out skeleton of woman; murdered around 8 years ago
20190915,city.bhubaneswar,,Six held for murder of woman; child in Odisha's Sundargarh
20190314,city.bhubaneswar,,Woman Maoist killed in Kandhamal forest encounter
20190623,city.chandigarh,Punjab & Haryana,One killed in attack by woman; paramour; husband fights for life
20191231,city.chandigarh,Punjab & Haryana,Woman killed; hubby & son injured in Karnal
20190110,city.chandigarh,Punjab & Haryana,27-year-old woman confesses to murdering husband; held
20190121,city.chandigarh,Punjab & Haryana,Arrested for woman's murder; man commits suicide in Sonipat jail
20190225,city.chandigarh,Punjab & Haryana,Woman; paramour held for murder over land
20190329,city.chandigarh,Punjab & Haryana,Chandigarh: Burail woman murdered; former paramour arrested
20190102,city.chandigarh,Punjab & Haryana,Fog causes 12-car pile-up; woman; daughter killed
20190623,city.chandigarh,Punjab & Haryana,One killed in attack by woman; paramour; husband fights for life
20191231,city.chandigarh,Punjab & Haryana,Woman killed; hubby & son injured in Karnal
20190716,city.chandigarh,Punjab & Haryana,Woman kidnapped; raped inside moving car in Zirakpur
20190818,city.chandigarh,Punjab & Haryana,Panchkula: Woman raped for 15 months by spouse's cousin
20191208,city.chandigarh,Punjab & Haryana,Woman raped on marriage assurance in Chandigarh
20190101,city.chennai,Tamil Nadu,Woman gets lover who killed her son slain; surrenders
20190321,city.chennai,Tamil Nadu,Chennai: Woman; 35; killed & dumped in septic tank; lover on run
20190605,city.chennai,Tamil Nadu,US woman; 65; robbed at Chennai Central metro station
20190512,city.chennai,Tamil Nadu,US woman gets boyfriend abducted; beaten up by goons in Chennai
20190120,city.chennai,Tamil Nadu,Woman murdered by boyfriend; arrested
20190125,city.chennai,Tamil Nadu,Woman accused of double murder held
20190527,city.chennai,Tamil Nadu,Woman found murdered in Tiruvallur
20190806,city.chennai,Tamil Nadu,Three held for murdering woman tattoo artist in Anna Nagar
20190808,city.chennai,Tamil Nadu,Tamil Nadu: Woman lawyer held for businessman's mid-sea murder
20190101,city.chennai,Tamil Nadu,Woman gets lover who killed her son slain; surrenders
20190120,city.chennai,Tamil Nadu,Elderly woman killed in a road accident
20190321,city.chennai,Tamil Nadu,Chennai: Woman; 35; killed & dumped in septic tank; lover on run
20191106,city.chennai,Tamil Nadu,Chennai: Woman; 46; killed as auto runs over people sleeping on pavement
20190923,city.chennai,Tamil Nadu,Chennai: Centre meant to help women facing violence needs aid
20190723,city.chennai,Tamil Nadu,Chennai: 2 women murder auto driver for love of another man
20190304,city.coimbatore,Tamil Nadu,Woman; lover get life for murdering hubby
20190306,city.coimbatore,Tamil Nadu,Woman found murdered
20190320,city.coimbatore,Tamil Nadu,Woman murders 72-yr-old; loots jewels
20190819,city.coimbatore,Tamil Nadu,Woman booked for murdering hubby in Coimbatore
20191119,city.coimbatore,Tamil Nadu,Tirupur: Woman found murdered
20191201,city.coimbatore,Tamil Nadu,Construction worker held for murdering 70-year-old woman in Coimbatore
20190713,city.coimbatore,Tamil Nadu,Woman; 45-year-old son killed in road accident
20190915,city.cuttack,,Six held for murder of woman; child in Odisha's Sundargarh
20190417,city.dehradun,Uttarakhand,Woman dies under 'mysterious circumstances'; family says killed for dowry
20190513,city.dehradun,Uttarakhand,28-yr-old woman from Punjab killed on Kedarnath trek after being hit by boulder
20190516,city.dehradun,Uttarakhand,28-year-old woman from Punjab killed on Kedarnath trek after being hit by boulder
20190804,city.dehradun,Uttarakhand,Woman; 65; killed by leopard in Motichur range
20190226,city.dehradun,Uttarakhand,2 of stepfamily held for woman's murder
20191001,city.dehradun,Uttarakhand,Uttarakhand: Woman found dead; kin allege dowry murder
20191105,city.dehradun,Uttarakhand,Woman drowns her six-month-old son; charged with murder
20190417,city.dehradun,Uttarakhand,Woman dies under 'mysterious circumstances'; family says killed for dowry
20190513,city.dehradun,Uttarakhand,28-yr-old woman from Punjab killed on Kedarnath trek after being hit by boulder
20190516,city.dehradun,Uttarakhand,28-year-old woman from Punjab killed on Kedarnath trek after being hit by boulder
20190804,city.dehradun,Uttarakhand,Woman; 65; killed by leopard in Motichur range
20190126,city.delhi,Delhi,Woman was killed by 3 for resisting rape in Haryana's Jhajjar
20190126,city.delhi,Delhi,Delhi: Neighbour killed woman to get rid of Rs 12 lakh debt
20190129,city.delhi,Delhi,murder not suicide old couple killed by massage womans son in south delhis kailash colony
20190130,city.delhi,Delhi,Delhi: Teen who killed elderly couple entered in woman's garb
20190502,city.delhi,Delhi,Delhi: Woman doctor killed; flatmate on the run
20190531,city.delhi,Delhi,Woman; 4-year-old son killed in their central Delhi house
20190831,city.delhi,Delhi,Woman killed in building collapse in Delhi's Samaypur Badli
20191003,city.delhi,Delhi,Delhi: Speeding car rams 2 others; woman killed
20191027,city.delhi,Delhi,Delhi: 24-year-old man 'killed' by kin of woman he wanted to marry
20190519,city.delhi,Delhi,Delhi: Woman MNC executive throttled; robbed by two
20190625,city.delhi,Delhi,Family robbed; woman thrashed for resisting
20191001,city.delhi,Delhi,Delhi: Elderly woman offers help to bikers; robbed
20190308,city.delhi,Delhi,Delhi elderly woman beaten to death by neighbours
20190922,city.delhi,Delhi,Delhi: Woman seeking divorce beaten twice in 8 days by masked men
20190129,city.delhi,Delhi,murder not suicide old couple killed by massage womans son in south delhis kailash colony
20190305,city.delhi,Delhi,To frame a Tihar rival; Delhi gang murders woman
20190312,city.delhi,Delhi,Woman murders parents to grab Rs 50 lakh flat in Delhi
20190502,city.delhi,Delhi,Delhi: 65-year-old woman murdered at home
20190602,city.delhi,Delhi,Delhi: Juvenile relative held for murder of woman; child
20190605,city.delhi,Delhi,Delhi: Three months after woman's murder; cops arrest husband
20190627,city.delhi,Delhi,Delhi: Man who murdered woman eight years ago found dead in hospital
20190912,city.delhi,Delhi,woman murdered in vishwas nagar cops detain her husband
20191103,city.delhi,Delhi,Delhi: Three arrested for woman's murder
20190126,city.delhi,Delhi,Woman was killed by 3 for resisting rape in Haryana's Jhajjar
20190126,city.delhi,Delhi,Delhi: Neighbour killed woman to get rid of Rs 12 lakh debt
20190129,city.delhi,Delhi,murder not suicide old couple killed by massage womans son in south delhis kailash colony
20190130,city.delhi,Delhi,Delhi: Teen who killed elderly couple entered in woman's garb
20190423,city.delhi,Delhi,Speeding car hits bike; pregnant woman killed
20190502,city.delhi,Delhi,Delhi: Woman doctor killed; flatmate on the run
20190531,city.delhi,Delhi,Woman; 4-year-old son killed in their central Delhi house
20190831,city.delhi,Delhi,Woman killed in building collapse in Delhi's Samaypur Badli
20191003,city.delhi,Delhi,Delhi: Speeding car rams 2 others; woman killed
20191027,city.delhi,Delhi,Delhi: 24-year-old man 'killed' by kin of woman he wanted to marry
20190227,city.delhi,Delhi,Man who raped US woman gets 7-year jail
20190227,city.delhi,Delhi,Man who raped US woman gets 7-yr jail
20190405,city.delhi,Delhi,61-year-old mentally-ill woman raped in Delhi park
20190515,city.delhi,Delhi,Nepal woman on way to Mumbai gang-raped in Delhi by four
20190523,city.delhi,Delhi,Woman gang-raped in car in south Delhi
20190813,city.delhi,Delhi,Delhi: Uzbek woman raped by three men in car
20190918,city.delhi,Delhi,Homeless woman raped by 2 near south Delhi park
20191109,city.delhi,Delhi,Delhi: Woman officer pleaded with folded hands to stop violence
20190303,city.delhi,Delhi,Delhi: Women raise belans against domestic violence
20191218,city.delhi,Delhi,Jamia violence: For two women; 10 minutes seem to last forever
20190120,city.faridabad,,Many threats to woman before murder
20190123,city.gaya,,New twist to Gaya girl murder case as police arrest woman
20190302,city.ghaziabad,,62-year-old woman gets life term for murder over 'retirement benefits'
20190518,city.ghaziabad,,Ghaziabad: Woman found hanging; kin allege murder
20190528,city.ghaziabad,,Woman found dead; family claims murder over dowry
20190710,city.ghaziabad,,Ghaziabad murders and suicide: Woman's lover arrested
20191116,city.ghaziabad,,Truck hits bike; woman killed
20190330,city.ghaziabad,,Pregnant woman raped; two booked
20191116,city.ghaziabad,,Ghaziabad: Woman says cop raped her; threatened to harm family
20190820,city.goa,Goa,Bhoma woman held guilty for murdering hubby
20191017,city.goa,Goa,Quepem woman killed by 'lightning'
20190428,city.goa,Goa,Female domestic tourist found dead; murder suspected: Goa
20190206,city.gurgaon,Haryana,family of woman killed by scribe husband attack cops arrested
20190222,city.gurgaon,Haryana,30-yr-old woman killed; husband; in-laws booked
20190403,city.gurgaon,Haryana,Gurugram: Woman gets uncle killed by lover; tries to frame husband
20190717,city.gurgaon,Haryana,Gurugram: Woman killed; stuffed in plastic bag and dumped
20190711,city.gurgaon,Haryana,Executive has drinks; dinner with woman in hotel room; robbed
20190830,city.gurgaon,Haryana,Gurugram woman attendant beaten up for asking toll fee
20190120,city.gurgaon,Haryana,Many threats to woman before murder
20190122,city.gurgaon,Haryana,Suspecting infidelity; woman in Gurugram plots husband's murder with 6 neighbours
20190217,city.gurgaon,Haryana,Woman; brother-in-law get life term for murder
20190301,city.gurgaon,Haryana,Woman kills toddler; self; kin allege murder
20190331,city.gurgaon,Haryana,Husband's murder: Life for woman; her lover
20190816,city.gurgaon,Haryana,Labourer held for woman's murder in DLF-1
20190206,city.gurgaon,Haryana,family of woman killed by scribe husband attack cops arrested
20190222,city.gurgaon,Haryana,30-yr-old woman killed; husband; in-laws booked
20190403,city.gurgaon,Haryana,Gurugram: Woman gets uncle killed by lover; tries to frame husband
20190504,city.gurgaon,Haryana,Woman killed as car rams bicycle; driver held day after
20190717,city.gurgaon,Haryana,Gurugram: Woman killed; stuffed in plastic bag and dumped
20190525,city.gurgaon,Haryana,Gurugram: Woman raped by four for three years; rescued by cops
20190609,city.guwahati,Assam,Woman; son beaten to death in Assam
20190305,city.guwahati,Assam,Mentally challenged woman gang-raped in Assam
20190329,city.guwahati,Assam,Woman gang-raped; set on fire
20190304,city.hubballi,,70-year-old woman killed in accident
20190307,city.hubballi,,'Women in Black' hold lamps to take a stand against violence
20190413,city.hyderabad,Telangana,Hyderabad: Woman who killed niece in revenge act gets life term
20190814,city.hyderabad,Telangana,Hyderabad: Beggar killed for alleged misbehavior with woman
20190929,city.hyderabad,Telangana,Woman killed in wall collapse in Hyderabad
20191127,city.hyderabad,Telangana,Hyderabad: Woman killed as RTC temporary driver drags her to death
20190719,city.hyderabad,Telangana,Woman who robbed kids in police net
20190727,city.hyderabad,Telangana,Hyderabad: Police nab woman who sedated; robbed relatives
20190415,city.hyderabad,Telangana,Woman 'beaten' for feeding dogs: Cops order probe
20190507,city.hyderabad,Telangana,Woman trafficked to Muscat beaten up by employer; fighting for life at embassy
20190203,city.hyderabad,Telangana,Hyderabad: Liquor bottle barcode lands woman; kin behind bars for husband's murder
20190924,city.hyderabad,Telangana,Hyderabad: Woman held for murdering husband
20190413,city.hyderabad,Telangana,Hyderabad: Woman who killed niece in revenge act gets life term
20190814,city.hyderabad,Telangana,Hyderabad: Beggar killed for alleged misbehavior with woman
20190929,city.hyderabad,Telangana,Woman killed in wall collapse in Hyderabad
20191127,city.hyderabad,Telangana,Hyderabad: Woman killed as RTC temporary driver drags her to death
20190311,city.hyderabad,Telangana,Hyderabad: Woman gang-raped by brothers-in-law
20190928,city.hyderabad,Telangana,Hyderabad: Woman raped at poultry farm
20191201,city.hyderabad,Telangana,Telangana vet's rape and murder: Women's panel blames police; wants patrol personnel sacked
20191205,city.hyderabad,Telangana,Hyderabad rape-murder: Lawyers' drive to make women aware of rights
20190414,city.indore,,Woman forced to carry hubby on shoulders; beaten for eloping
20191010,city.indore,,MP: Ratlam woman kidnapped; gang-raped in front of child by ex-husband; kin
20190417,city.jaipur,Rajasthan,Rajasthan: Woman killed by brother-in-law in Karauli
20190422,city.jaipur,Rajasthan,Woman killed for dowry in Dholpur
20190501,city.jaipur,Rajasthan,Jaipur: Elderly woman killed in sleep; robbed of jewellery
20190517,city.jaipur,Rajasthan,Wedding party turns tragic as woman killed by lightning in Bundi district
20190825,city.jaipur,Rajasthan,Rasjasthan woman killed in row over water; brother-in-law booked
20190501,city.jaipur,Rajasthan,Jaipur: Elderly woman killed in sleep; robbed of jewellery
20190308,city.jaipur,Rajasthan,'Possessed' woman beaten up in Barmer
20190502,city.jaipur,Rajasthan,Daughter-in-law; transgender held for murdering 62-year-old woman
20190522,city.jaipur,Rajasthan,Man gets life sentence for murdering woman in Kota
20191212,city.jaipur,Rajasthan,Rajasthan: Kin of woman; whose body was found hanging; files case of gang-rape; murder
20190417,city.jaipur,Rajasthan,Rajasthan: Woman killed by brother-in-law in Karauli
20190422,city.jaipur,Rajasthan,Woman killed for dowry in Dholpur
20190501,city.jaipur,Rajasthan,Jaipur: Elderly woman killed in sleep; robbed of jewellery
20190517,city.jaipur,Rajasthan,Wedding party turns tragic as woman killed by lightning in Bundi district
20190711,city.jaipur,Rajasthan,Woman killed; 11 hurt after live wire falls on bus in Alwar
20190825,city.jaipur,Rajasthan,Rasjasthan woman killed in row over water; brother-in-law booked
20190312,city.jaipur,Rajasthan,Woman abducted; raped in Jhalawar; accused on the run
20190507,city.jaipur,Rajasthan,Woman gang-raped by five youths in Alwar
20190510,city.jaipur,Rajasthan,Woman raped by two inside health centre in Alwar
20190511,city.jaipur,Rajasthan,Woman gang-raped by 3 in Sikar; all accused held
20190526,city.jaipur,Rajasthan,Woman raped by 2 in Bikaner; case lodged
20190715,city.jaipur,Rajasthan,30-year-old woman gang-raped in Kota; five arrested
20190728,city.jaipur,Rajasthan,Woman raped by four; abducted in Bharatpur
20190903,city.jaipur,Rajasthan,55-year-old woman gang-raped by 3 men; husband thrashed
20190912,city.jaipur,Rajasthan,Rajasthan: Woman abducted; gang-raped for over a month in Behror
20190926,city.jaipur,Rajasthan,Delhi woman assaulted; raped; manager arrested
20191104,city.jaipur,Rajasthan,Rajasthan: 25-year-old woman raped by brother-in-law; lodges complaint
20191127,city.jaipur,Rajasthan,Rajasthan: Alwar woman given triple talaq; gang-raped by in-laws
20191226,city.jaipur,Rajasthan,Jaipur: Mentally challenged woman raped by neighbour; probe on
20190508,city.jodhpur,,Skeleton's DNA test reveals missing woman's murder
20190920,city.kanpur,Uttar Pradesh,killed for honour womans body traced 4 months later after court spurs police
20190228,city.kanpur,Uttar Pradesh,Woman found murdered at house of 'paramour'
20190323,city.kanpur,Uttar Pradesh,Woman; 65; found murdered at home
20190327,city.kanpur,Uttar Pradesh,Kanpur: One arrested for woman's murder; husband on the run
20190327,city.kanpur,Uttar Pradesh,Cops crack 65-year-old woman's murder case; arrest two accused
20190501,city.kanpur,Uttar Pradesh,Kanpur woman murdered in flat; unconscious hubby dies in hospital
20190410,city.kanpur,Uttar Pradesh,Two kids; woman; among four killed in accident on highway
20190517,city.kanpur,Uttar Pradesh,Kanpur woman killed as bus hits bike; catches fire
20190920,city.kanpur,Uttar Pradesh,killed for honour womans body traced 4 months later after court spurs police
20190429,city.kochi,Kerala,Kerala: Woman arrested for murder of infant daughter
20190619,city.kochi,Kerala,Thiruvananthapuram: Stalker tries to murder woman
20190705,city.kochi,Kerala,Woman died fighting sexual advances: Police on rubber estate murder
20190317,city.kochi,Kerala,Thrissur woman killed in New Zealand firing: Relatives
20190426,city.kochi,Kerala,Kerala: Missing woman's kin killed in accident
20190507,city.kochi,Kerala,Woman killed in accident as daughter looks on
20191129,city.kochi,Kerala,Perumbavoor murder: Accused used to harass women back home
20191007,city.kolhapur,Maharashtra,Kolhapur: Woman robbed of gold jewellery at knife point
20191213,city.kolhapur,Maharashtra,Woman robbed of gold chain
20191220,city.kolhapur,Maharashtra,Woman robbed of gold jewellery
20190824,city.kolkata,Bengal,Chinese woman; dad-in-law killed in Tangra
20191028,city.kolkata,Bengal,Woman lawyer killed at home in East Burdwan
20190405,city.kolkata,Bengal,Woman; 75; found murdered in Jodhpur Park apartment
20190622,city.kolkata,Bengal,Howrah: Woman plots son's murder; paramour executes it
20190721,city.kolkata,Bengal,Hubby; two killers held for Howrah woman's murder
20190812,city.kolkata,Bengal,Barasat woman arrested for aiding husband's murder
20191209,city.kolkata,Bengal,West Bengal: Woman; paramour held for man's murder
20190511,city.kolkata,Bengal,Woman killed in BT Road bike accident
20190824,city.kolkata,Bengal,Chinese woman; dad-in-law killed in Tangra
20191028,city.kolkata,Bengal,Woman lawyer killed at home in East Burdwan
20190807,city.kolkata,Bengal,lake gardens horror you should be raped woman tells girl in shorts
20190116,city.kolkata,Bengal,Shocking that women training to be nurses displayed such violence
20191010,city.kozhikode,,Suicide of murder accused in prison: DGP suspends two officials of women's jail
20190305,city.lucknow,Uttar Pradesh,Lucknow: Woman killed by cousin over property dispute
20190502,city.lucknow,Uttar Pradesh,Lucknow: Killed by paramour; woman's body dug out
20190604,city.lucknow,Uttar Pradesh,Woman robbed of jewellery; purse at gunpoint in Lucknow; FIR filed
20190913,city.lucknow,Uttar Pradesh,On her way to meet friend; woman robbed in Lucknow
20190326,city.lucknow,Uttar Pradesh,Lucknow: Woman was murdered in Para?
20190413,city.lucknow,Uttar Pradesh,Man who dialled murdered Para woman also missing
20190305,city.lucknow,Uttar Pradesh,Lucknow: Woman killed by cousin over property dispute
20190502,city.lucknow,Uttar Pradesh,Lucknow: Killed by paramour; woman's body dug out
20190630,city.lucknow,Uttar Pradesh,UP: Woman filmed trying on dress; blackmailed and raped
20191023,city.lucknow,Uttar Pradesh,More than one SC woman was raped in UP every day in 2017
20191215,city.ludhiana,Punjab,Woman found murdered; husband prime suspect
20190314,city.ludhiana,Punjab,Woman killed as car rolls over
20190212,city.ludhiana,Punjab,Woman dragged out of car; raped by 10 in Punjab
20190424,city.ludhiana,Punjab,Patiala: Lured with promise of job; 30-year-old woman raped
20191220,city.madurai,Tamil Nadu,Tamil Nadu: Divorced woman killed by father for refusing to remarry
20190206,city.madurai,Tamil Nadu,Search on for woman in ex-cop's murder
20190302,city.madurai,Tamil Nadu,Man gets five years rigorous imprisonment for murdering woman
20190329,city.madurai,Tamil Nadu,Woman; 22; found murdered in house
20190923,city.madurai,Tamil Nadu,Three people arrested for murdering woman in Sivaganga
20191111,city.madurai,Tamil Nadu,Madurai: Burglars murder elderly woman; get away with gold; cash
20191112,city.madurai,Tamil Nadu,Husband; siblings get life term for murdering woman
20191122,city.madurai,Tamil Nadu,Remains of woman murdered by trio exhumed
20191124,city.madurai,Tamil Nadu,Tamil Nadu: Kin of murdered woman assumed she is alive and happy
20191223,city.madurai,Tamil Nadu,Madras HC upholds conviction of man who murdered pregnant woman
20191220,city.madurai,Tamil Nadu,Tamil Nadu: Divorced woman killed by father for refusing to remarry
20191231,city.madurai,Tamil Nadu,woman with learning difficulties raped 1 held
20190313,city.mangaluru,Karnataka,Refusal to loan Rs 50k led to woman's murder
20190516,city.mangaluru,Karnataka,Repayment of Rs 60;000 led to woman's murder by couple
20191216,city.mangaluru,Karnataka,Aged woman who lived alone murdered; 1 held
20191128,city.mangaluru,Karnataka,Woman killed in accident on Udupi-Kochi NH
20190829,city.meerut,Uttar Pradesh,woman beaten disrobed in busy meerut market by mob which took her for child lifter
20190421,city.meerut,Uttar Pradesh,Woman pumps bullets into man to avenge brothers' murder
20190518,city.meerut,Uttar Pradesh,amroha woman who conned several youths on pretext of marriage found murdered
20190525,city.meerut,Uttar Pradesh,Woman; brother arrested for murder of husband; paramour on the run
20190913,city.meerut,Uttar Pradesh,23-year-old dalit woman found hanging at her neighbour's house; family alleges rape; murder
20190220,city.meerut,Uttar Pradesh,5 killed as car hits woman; falls into canal in Bulandshahr
20190514,city.meerut,Uttar Pradesh,fir reveals chilling details of hapur womans ordeal raped by 16 men in 5 years she also had a kid from her rapist
20190909,city.meerut,Uttar Pradesh,woman 25 waylaid gangraped by 4 in front of husband in ups amroha
20190516,city.mumbai,Maharashtra,Body on beach: Woman may have killed self
20190719,city.mumbai,Maharashtra,Malad woman killed in hit-and-run
20190806,city.mumbai,Maharashtra,Auto driver held for mishap that killed woman 15 days ago in Mumbai
20190814,city.mumbai,Maharashtra,Woman killed in parking lot hit-and-run in Mumbai
20191203,city.mumbai,Maharashtra,Mumbai: Woman looks for phone on tracks in dark; robbed
20190127,city.mumbai,Maharashtra,Auto driver held for murder of Goregaon woman
20190812,city.mumbai,Maharashtra,Mumbai: Woman scripts murder; errs during probe
20190516,city.mumbai,Maharashtra,Body on beach: Woman may have killed self
20190719,city.mumbai,Maharashtra,Malad woman killed in hit-and-run
20190806,city.mumbai,Maharashtra,Auto driver held for mishap that killed woman 15 days ago in Mumbai
20190814,city.mumbai,Maharashtra,Woman killed in parking lot hit-and-run in Mumbai
20190219,city.mumbai,Maharashtra,Birthday girl raped by friend; woman pal aids in sex assault
20190508,city.mumbai,Maharashtra,Woman 'raped' in 2016; kept ties with actor
20190801,city.mumbai,Maharashtra,HIV+ woman from Aurangabad gang-raped by four Mumbai men
20190914,city.mumbai,Maharashtra,Mumbai: Woman raped by bro-in-law at desolate spot; 3 others also sexually assault her
20190929,city.mumbai,Maharashtra,South Bombay woman gets Rs 2 lakh payout in domestic violence case
20190113,city.mumbai,Maharashtra,One in every four women in Mumbai affected by gender-based violence
20190831,city.mumbai,Maharashtra,Mumbai: Women panel seeks murder case as raped girl dies
20190302,city.mysuru,,Woman who robbed elderly bus passengers arrested
20190502,city.mysuru,,Woman; daughter murdered at estate in Somwarpet
20190501,city.nagpur,Maharashtra,Newly married woman among three killed in mishap
20190709,city.nagpur,Maharashtra,Woman robbed in car with chemical spray
20190214,city.nagpur,Maharashtra,Maharashtra BJP MLA; woman 'friend' beaten up by wife & kin
20190110,city.nagpur,Maharashtra,Woman; paramour murder hubby; try to portray it as suicide
20190217,city.nagpur,Maharashtra,35-year-old Chandrapur woman killed in tiger attack
20190501,city.nagpur,Maharashtra,Newly married woman among three killed in mishap
20190128,city.nagpur,Maharashtra,Divorcee woman raped by boyfriend
20190203,city.nagpur,Maharashtra,Mentally ill woman raped by uncles
20190226,city.nagpur,Maharashtra,After month in shock; woman tells cops second husband raped daughter
20191026,city.nashik,Maharashtra,Maharashtra: Woman robbed of chain worth Rs 60;000
20191130,city.nashik,Maharashtra,Nashik: Woman robbed of gold chain in Panchavati
20190604,city.nashik,Maharashtra,Nashik woman 'murders' her 10-day-old daughter; held
20190821,city.navimumbai,Maharashtra,Was beaten in lock-up: Arrested delivery woman
20191110,city.navimumbai,Maharashtra,navi mumbai wanted for husbands murder woman lover attempt suicide
20191215,city.noida,Uttar Pradesh,Cabbie killed: Woman; brothers held
20190105,city.noida,Uttar Pradesh,Woman robbed of Rs 50;000 cash; new phone in Ghaziabad
20190109,city.noida,Uttar Pradesh,SHO faces murder charge for woman's death. Daughter says; 'I saw her being tortured in lockup'
20190122,city.noida,Uttar Pradesh,Woman found dead; family alleges murder
20190122,city.noida,Uttar Pradesh,Boyfriend; his brother booked for woman's murder in flat
20190427,city.noida,Uttar Pradesh,Woman burns to death; police probe murder angle
20190427,city.noida,Uttar Pradesh,Woman 'plots' husband's murder; held
20190721,city.noida,Uttar Pradesh,Brother-in-law; mother held for woman's murder
20191104,city.noida,Uttar Pradesh,woman found dead in avj heights murder suspected
20191215,city.noida,Uttar Pradesh,Cabbie killed: Woman; brothers held
20190817,city.noida,Uttar Pradesh,Woman offered lift says she was raped in car; dumped at Pari Chk
20190823,city.noida,Uttar Pradesh,Noida: Woman raped and battered by 5; but no one's looking for the suspects
20190627,city.patna,Bihar,50-year-old woman killed for practising 'witchcraft'
20191016,city.patna,Bihar,Bihar: Five killed; woman gang-raped; trader shot at; robbed of Rs 6 lakh
20191029,city.patna,Bihar,Bihar: Three killed; woman priest gang-raped in 24 hours
20191111,city.patna,Bihar,Woman among six killed; minor raped in Bihar in 24 hours
20191211,city.patna,Bihar,Buxar murder case solved: Father; brother killed woman
20191016,city.patna,Bihar,Bihar: Five killed; woman gang-raped; trader shot at; robbed of Rs 6 lakh
20191019,city.patna,Bihar,Bihar: Woman beaten to death in Kaimur; 4 arrested
20190528,city.patna,Bihar,Father-son duo get life term for murdering woman in Bihar's Begusarai
20190801,city.patna,Bihar,Patna: Woman detained in Bihta murder case
20191006,city.patna,Bihar,Pregnant woman found murdered in Jamui
20191013,city.patna,Bihar,Woman's murder sparks mob fury; boy hurt in police firing
20191208,city.patna,Bihar,Bihar: Two girls raped; woman found murdered in past 48 hours
20191211,city.patna,Bihar,Buxar murder case solved: Father; brother killed woman
20190627,city.patna,Bihar,50-year-old woman killed for practising 'witchcraft'
20191016,city.patna,Bihar,Bihar: Five killed; woman gang-raped; trader shot at; robbed of Rs 6 lakh
20191029,city.patna,Bihar,Bihar: Three killed; woman priest gang-raped in 24 hours
20191111,city.patna,Bihar,Woman among six killed; minor raped in Bihar in 24 hours
20191211,city.patna,Bihar,Buxar murder case solved: Father; brother killed woman
20190224,city.patna,Bihar,52-year-old woman raped
20190607,city.patna,Bihar,Bhagalpur woman raped and burnt by kin; dies
20191007,city.patna,Bihar,Woman gang-raped in Begusarai; 3 arrested
20191016,city.patna,Bihar,Bihar: Five killed; woman gang-raped; trader shot at; robbed of Rs 6 lakh
20191029,city.patna,Bihar,Bihar: Three killed; woman priest gang-raped in 24 hours
20191111,city.patna,Bihar,Woman among six killed; minor raped in Bihar in 24 hours
20191204,city.patna,Bihar,Hyderabad rerun: Woman gang-raped; shot & burnt in Bihar's Buxar
20191208,city.patna,Bihar,Bihar: Two girls raped; woman found murdered in past 48 hours
20191213,city.patna,Bihar,Woman gang-raped in Begusarai village
20191220,city.puducherry,,24-yr-old woman found murdered in Ambur forest
20190723,city.pune,Bihar,Pune: Alone at home; woman robbed of gold ornaments worth Rs 2.77 lakh
20191122,city.pune,Bihar,Pune: Woman out on morning walk robbed of gold chain at Dukkar Khind
20191216,city.pune,Bihar,Pune: 80-year-old woman; alone in flat; robbed
20190228,city.pune,Bihar,Pune: Woman; 9 others get life term for double murder
20190429,city.pune,Bihar,Pune: 75-year-old woman found murdered; son a suspect
20190929,city.pune,Bihar,Grandson booked for murder of elderly woman in Kalyaninagar flat
20191020,city.pune,Bihar,Bombay HC refuses to extend temporary bail of woman in Wadgaonsheri murder case
20191031,city.pune,Bihar,Pune: Woman in net for husband's murder
20191206,city.pune,Bihar,Bengaluru techie; woman among three held for MBA graduate's murder
20191215,city.pune,Bihar,Pune: 2 detained on charge of woman's murder
20190711,city.pune,Bihar,Woman killed by falling branch on Ghole road
20190409,city.pune,Bihar,Woman suffers fracture as parking feud turns violent
20191214,city.pune,Bihar,womens panel plea to cji to recall hc order in bpo rape and murder case
20191011,city.rajkot,Bihar,Rajkot: Woman killed; dumped in gutter
20191001,city.rajkot,Bihar,Rajkot: Elderly woman's murderer turns out to be serial killer
20191107,city.rajkot,Bihar,Woman; kin held for paramour's murder
20191011,city.rajkot,Bihar,Rajkot: Woman killed; dumped in gutter
20191027,city.rajkot,Bihar,Gujarat: Woman killed in rickshaw-truck collision
20190605,city.rajkot,Bihar,MP woman raped; her body burned in Morbi
20191025,city.rajkot,Bihar,Rajkot: Woman raped; burnt by relative succumbs
20191126,city.rajkot,Bihar,Ahmedabad woman gang raped in ceramic factory
20191208,city.rajkot,Bihar,Gujarat: Woman raped with promise of PSI job
20191112,city.salem,,Woman found murdered on roadside
20191113,city.salem,,80-year-old woman killed in house collapse in Salem
20191023,city.surat,,Woman loses husband; lover in murder plot: Both men drowned in lake during fisticuffs
20191218,city.surat,,Woman labourer found murdered in Pal
20190102,city.thane,Maharashtra,Woman; lover who killed husband held; had spiked his food with 30 sleeping pills
20190903,city.thane,Maharashtra,Woman killed in Thane; cops suspect absconding husband
20190904,city.thane,Maharashtra,Thane: Woman who killed 'alcoholic' husband gets life sentence
20190518,city.thane,Maharashtra,Thane: Woman; son robbed of Rs 30;000 at gunpoint
20190101,city.thane,Maharashtra,Woman; lover dump husband's body in hospital after murder; say it was an accident
20190102,city.thane,Maharashtra,Woman; lover who killed husband held; had spiked his food with 30 sleeping pills
20190903,city.thane,Maharashtra,Woman killed in Thane; cops suspect absconding husband
20190904,city.thane,Maharashtra,Thane: Woman who killed 'alcoholic' husband gets life sentence
20190914,city.thane,Maharashtra,Mumbai: Woman raped by bro-in-law at desolate spot; 3 others also sexually assault her
20190608,city.thiruvananthapuram,Kerala,2 held for murder of 62-year-old woman
20190120,city.thiruvananthapuram,Kerala,Woman killed as KSRTC bus rams two-wheeler
20190324,city.thiruvananthapuram,Kerala,Young woman killed in accident
20190113,city.trichy,Tamil Nadu,Elderly woman robbed in Trichy
20190209,city.trichy,Tamil Nadu,Elderly woman robbed of four sovereign gold chain
20190327,city.trichy,Tamil Nadu,Woman on bike robbed of her gold chain by duo
20190810,city.trichy,Tamil Nadu,Woman robbed of gold chain weighing 8 sovereigns
20190828,city.trichy,Tamil Nadu,Woman robbed of gold chain
20191108,city.trichy,Tamil Nadu,Trichy: Woman robbed of gold chain
20191115,city.trichy,Tamil Nadu,Chain-snatchers strike again; woman robbed of three sovereigns
20191228,city.trichy,Tamil Nadu,Woman robbed of gold chain in Trichy
20190910,city.trichy,Tamil Nadu,Woman found murdered in forest area
20191106,city.trichy,Tamil Nadu,Tamil Nadu: 65-yr-old woman found murdered; one arrested
20190916,city.trichy,Tamil Nadu,Woman killed in bike-truck collision near Trichy airport
20191106,city.trichy,Tamil Nadu,Tamil Nadu: Woman killed as wall collapses due to lightning
20190718,city.trichy,Tamil Nadu,Trichy: Mentally ill woman raped; impregnated; man; 30; arrested
20191230,city.udaipur,,Udaipur: Dead woman found; kin accuse hubby of murder
20190419,city.vadodara,Gujarat,Vadodara: Woman; mother killed by jilted lover
20190306,city.vadodara,Gujarat,Vadodara: Woman branded as witch; beaten
20190526,city.vadodara,Gujarat,Vadodara: Woman PSI beaten up in Alkapuri police chowki
20190822,city.vadodara,Gujarat,Man arrested for rape; murder of elderly woman
20191203,city.vadodara,Gujarat,Woman found hanging in Halol was murdered
20191228,city.vadodara,Gujarat,Gujarat: Woman's body exhumed after four months over murder suspicion
20190419,city.vadodara,Gujarat,Vadodara: Woman; mother killed by jilted lover
20191120,city.vadodara,Gujarat,Rajkot woman allegedly gang-raped in moving car
20190208,city.varanasi,Uttar Pradesh,Woman; son killed in mortar explosion
20191219,city.varanasi,Uttar Pradesh,Woman denies guava to kid; beaten to death
20190529,city.varanasi,Uttar Pradesh,Woman found murdered in Mirzapur district
20190208,city.varanasi,Uttar Pradesh,Woman; son killed in mortar explosion
20190803,city.varanasi,Uttar Pradesh,UP: Woman gang-raped after hubby loses her in gambling
20191128,city.vijayawada,Andhra Pradesh,AP: Woman killed by hubby for posting TikTok videos
20191205,city.vijayawada,Andhra Pradesh,Woman & baby girl killed; burnt bodies found in Andhra Pradesh
20191128,city.vijayawada,Andhra Pradesh,AP: Woman killed by hubby for posting TikTok videos
20191205,city.vijayawada,Andhra Pradesh,Woman & baby girl killed; burnt bodies found in Andhra Pradesh
20191103,city.visakhapatnam,,AP: Woman; kid killed in accident